target_id,jurisdiction_name,state,target_type,expected_archetype,expected_classification,row_role,target_key,source_identity,selection_reason,run_start,run_started_at,run_stop,run_stopped_at,runtime_min,review_start,review_started_at,review_stop,review_stopped_at,human_min,match_status,generation_status,exception_class,parity_ok,outcome,next_action,canonical_jurisdiction_id,exception_workspace_url,portfolio_sync_ok,checksum_run_1,checksum_run_2,checksum_parity_ok,timer_integrity_ok
MB100-001,Seattle,WA,place,AR-001,government,REGRESSION CONTROL,ocd-division/country:us/state:wa/place:seattle,place-5363000,Unchanged municipal fixture,TRUE,2026-08-05 08:19:00,TRUE,2026-08-05 08:22:32,3.5,TRUE,2026-08-05 08:21:56,TRUE,2026-08-05 08:23:27,1.5,MATCHED,SUCCESS,,TRUE,PASS,Complete — PASS. Start MB100-002 Tacoma under the frozen Measured Batch 100 protocol.,jur-us-wa-seattle,,TRUE,207901a0fdd024ef4f8729d6ef3ff54e83304c06352d5b464cf68554463e1174,207901a0fdd024ef4f8729d6ef3ff54e83304c06352d5b464cf68554463e1174,TRUE,
MB100-002,Tacoma,WA,place,AR-001,government,REGRESSION CONTROL,ocd-division/country:us/state:wa/place:tacoma,place-5370000,Second unchanged municipal fixture,TRUE,2026-08-06 08:01:45,TRUE,2026-08-06 08:01:45,0.0,TRUE,2026-08-06 08:01:45,TRUE,2026-08-06 08:01:46,0.0,MATCHED,SUCCESS,,TRUE,PASS,Complete — PASS. Start MB100-003 Pierce County under the frozen Measured Batch 100 protocol.,jur-us-wa-tacoma,,TRUE,c5a0e6c26e94713123e9f7184fdef46bee9026a7484a21b89b3e129b75047f2c,c5a0e6c26e94713123e9f7184fdef46bee9026a7484a21b89b3e129b75047f2c,TRUE,
MB100-003,Pierce County,WA,county,AR-002,government,REGRESSION CONTROL,ocd-division/country:us/state:wa/county:pierce,county-53053,Unchanged county fixture,TRUE,2026-08-06 08:01:46,TRUE,2026-08-06 08:01:46,0.0,TRUE,2026-08-06 08:01:46,TRUE,2026-08-06 08:01:47,0.0,MATCHED,SUCCESS,,TRUE,PASS,Complete — PASS. Start MB100-004 Colorado Springs School District 11 under the frozen Measured Batch 100 protocol.,jur-us-wa-pierce,,TRUE,c59acc7ca438bc9d27c5a7768a74ac5b15be3173a872b567e87ad0066ba65326,c59acc7ca438bc9d27c5a7768a74ac5b15be3173a872b567e87ad0066ba65326,TRUE,
MB100-004,Colorado Springs School District 11,CO,school district,AR-003,school_system,REGRESSION CONTROL,ocd-division/country:us/state:co/county:el_paso/school_district:colorado_springs_school_district_no._11,GEOID 0803060,Unchanged school-system fixture,TRUE,2026-08-06 08:01:47,TRUE,2026-08-06 08:01:47,0.0,TRUE,2026-08-06 08:01:47,TRUE,2026-08-06 08:01:48,0.0,MATCHED,SUCCESS,,TRUE,PASS,Complete — PASS. Start MB100-005 Regional Transportation District under the frozen Measured Batch 100 protocol.,jur-us-co-colorado-springs-school-district-11,,TRUE,72d3ca999ee340414ac4d917a7771ceb922ff1a663950dd944a8cffaa965d5af,72d3ca999ee340414ac4d917a7771ceb922ff1a663950dd944a8cffaa965d5af,TRUE,
MB100-005,Regional Transportation District,CO,transit authority,AR-004,transit_authority,REGRESSION CONTROL,lookup:Regional Transportation District,PID6 143592 / GIDID 06401680300000,Unchanged transit override fixture,TRUE,2026-08-06 08:01:48,TRUE,2026-08-06 08:01:48,0.0,TRUE,2026-08-06 08:01:48,TRUE,2026-08-06 08:01:48,0.0,MATCHED,SUCCESS,,TRUE,PASS,Complete — PASS. Start MB100-006 City and County of Denver under the frozen Measured Batch 100 protocol.,jur-us-co-regional-transportation-district,,TRUE,5c96da8af07b8ab34accb5b65f39c04d9602017d9ec54633762c470740d83bc7,5c96da8af07b8ab34accb5b65f39c04d9602017d9ec54633762c470740d83bc7,TRUE,
MB100-006,City and County of Denver,CO,coextensive place/county,AR-005,government,REGRESSION CONTROL,ocd-division/country:us/state:co/place:denver,place-0820000 / county-08031,Unchanged coextensive fixture,TRUE,2026-08-06 08:01:48,TRUE,2026-08-06 08:01:48,0.0,TRUE,2026-08-06 08:01:48,TRUE,2026-08-06 08:01:49,0.0,MATCHED,SUCCESS,,TRUE,PASS,Complete — PASS. Start MB100-007 Spokane under the frozen Measured Batch 100 protocol.,jur-us-co-denver,,TRUE,f53c30c83bd64824c48f86cf3dace7c00c805321d027b8bdb9039ea4b6bd186d,f53c30c83bd64824c48f86cf3dace7c00c805321d027b8bdb9039ea4b6bd186d,TRUE,
MB100-007,Spokane,WA,place,AR-001,government,MEASURED — KNOWN,ocd-division/country:us/state:wa/place:spokane,place-5367000,Previously successful municipality; first timed non-control reuse,TRUE,2026-08-06 08:01:49,TRUE,2026-08-06 08:01:49,0.0,TRUE,2026-08-06 08:01:49,TRUE,2026-08-06 08:01:53,0.1,MATCHED,SUCCESS,,TRUE,PASS,Complete — PASS. Start MB100-008 Albuquerque under the frozen Measured Batch 100 protocol.,jur-us-wa-spokane,,TRUE,c267f5198a11d4fafbe394f28e72aa06118fa4aa4be7ae394e06bef3fc7c25d4,c267f5198a11d4fafbe394f28e72aa06118fa4aa4be7ae394e06bef3fc7c25d4,TRUE,TRUE
MB100-008,Albuquerque,NM,place,AR-001,government,MEASURED — KNOWN,ocd-division/country:us/state:nm/place:albuquerque,place-3502000,Southwest municipality with exact place GEOID,TRUE,2026-08-06 08:01:53,TRUE,2026-08-06 08:01:53,0.0,TRUE,2026-08-06 08:01:53,TRUE,2026-08-06 08:01:56,0.1,MATCHED,SUCCESS,,TRUE,PASS,Complete — PASS. Start MB100-009 Boston under the frozen Measured Batch 100 protocol.,jur-us-nm-albuquerque,,TRUE,65436b77f7cf757b928bebe523e5a6ecc3f1026654a26d3fb04ad6c17009c39f,65436b77f7cf757b928bebe523e5a6ecc3f1026654a26d3fb04ad6c17009c39f,TRUE,TRUE
MB100-009,Boston,MA,place,AR-001,government,MEASURED — KNOWN,ocd-division/country:us/state:ma/place:boston,place-2507000,New England city and official-name normalization,TRUE,2026-08-06 08:01:56,TRUE,2026-08-06 08:01:56,0.0,TRUE,2026-08-06 08:01:56,TRUE,2026-08-06 08:01:59,0.1,MATCHED,SUCCESS,,TRUE,PASS,Complete — PASS. Start MB100-010 Phoenix under the frozen Measured Batch 100 protocol.,jur-us-ma-boston,,TRUE,4585da7ee3f82209cafdf3c5e8217eacd581e6b251cfdf72f3eb3e906fb9127b,4585da7ee3f82209cafdf3c5e8217eacd581e6b251cfdf72f3eb3e906fb9127b,TRUE,TRUE
MB100-010,Phoenix,AZ,place,AR-001,government,MEASURED — KNOWN,ocd-division/country:us/state:az/place:phoenix,place-0455000,Large municipal place in a previously measured state,TRUE,2026-08-06 08:01:59,TRUE,2026-08-06 08:01:59,0.0,TRUE,2026-08-06 08:01:59,TRUE,2026-08-06 08:02:02,0.1,MATCHED,SUCCESS,,TRUE,PASS,Complete — PASS. Start MB100-011 San Antonio under the frozen Measured Batch 100 protocol.,jur-us-az-phoenix,,TRUE,a62bbe21e16d38b6958ef68d8051cdedf271c88ff8db2f352abf5f1d3a9de4e9,a62bbe21e16d38b6958ef68d8051cdedf271c88ff8db2f352abf5f1d3a9de4e9,TRUE,TRUE
MB100-011,San Antonio,TX,place,AR-001,government,MEASURED — KNOWN,ocd-division/country:us/state:tx/place:san_antonio,place-4865000,"One governing place spanning Bexar, Comal, and Medina counties",TRUE,2026-08-06 08:02:02,TRUE,2026-08-06 08:02:02,0.0,TRUE,2026-08-06 08:02:02,TRUE,2026-08-06 08:02:05,0.1,MATCHED,SUCCESS,,TRUE,PASS,Complete — PASS. Start MB100-012 Charlotte under the frozen Measured Batch 100 protocol.,jur-us-tx-san-antonio,,TRUE,4ce37285eaaa762f135e061b7c219038f3f391a65b390a10aabfe42593628d9a,4ce37285eaaa762f135e061b7c219038f3f391a65b390a10aabfe42593628d9a,TRUE,TRUE
MB100-012,Charlotte,NC,place,AR-001,government,MEASURED — KNOWN,ocd-division/country:us/state:nc/place:charlotte,place-3712000,Southeastern municipality with exact state/name disambiguation,TRUE,2026-08-06 08:02:05,TRUE,2026-08-06 08:02:05,0.0,TRUE,2026-08-06 08:02:05,TRUE,2026-08-06 08:02:09,0.1,MATCHED,SUCCESS,,TRUE,PASS,Complete — PASS. Start MB100-013 Columbus under the frozen Measured Batch 100 protocol.,jur-us-nc-charlotte,,TRUE,e24c5130328ddcea6be7bcb31a8a69eb12740babb8d28a16d0e62ec046d886d7,e24c5130328ddcea6be7bcb31a8a69eb12740babb8d28a16d0e62ec046d886d7,TRUE,TRUE
MB100-013,Columbus,OH,place,AR-001,government,MEASURED — KNOWN,ocd-division/country:us/state:oh/place:columbus,place-3918000,Three-county place and same-name cross-state collision,TRUE,2026-08-06 08:08:51,TRUE,2026-08-06 08:09:57,1.1,TRUE,2026-08-06 08:10:42,TRUE,2026-08-06 08:11:04,0.4,MATCHED,SUCCESS,,TRUE,PASS,Complete — PASS. Start MB100-014 Detroit under the frozen Measured Batch 100 protocol.,jur-us-oh-columbus,,TRUE,248560b92974b0a5e99b29845d7d94e6afe6ec0bd70301934c572d345fb28c46,248560b92974b0a5e99b29845d7d94e6afe6ec0bd70301934c572d345fb28c46,TRUE,TRUE
MB100-014,Detroit,MI,place,AR-001,government,MEASURED — KNOWN,ocd-division/country:us/state:mi/place:detroit,place-2622000,Large Michigan city and city-label normalization,TRUE,2026-08-06 08:25:29,TRUE,2026-08-06 08:26:50,1.4,TRUE,2026-08-06 08:27:28,TRUE,2026-08-06 08:27:49,0.3,MATCHED,SUCCESS,,TRUE,PASS,Complete — PASS. Start MB100-015 Milwaukee under the frozen Measured Batch 100 protocol.,jur-us-mi-detroit,,TRUE,f2880246b61f4c4438e143faef0bfa6cac2593b498e7b1b135b046129cb46a6c,f2880246b61f4c4438e143faef0bfa6cac2593b498e7b1b135b046129cb46a6c,TRUE,TRUE
MB100-015,Milwaukee,WI,place,AR-001,government,MEASURED — KNOWN,ocd-division/country:us/state:wi/place:milwaukee,place-5553000,Three-county place and ward-rich city,TRUE,2026-08-06 08:35:18,TRUE,2026-08-06 08:36:27,1.1,TRUE,2026-08-06 08:37:05,TRUE,2026-08-06 08:37:26,0.3,MATCHED,SUCCESS,,TRUE,PASS,Complete — PASS. Start MB100-016 Omaha under the frozen Measured Batch 100 protocol.,jur-us-wi-milwaukee,,TRUE,82571f2578791e22474ce429eb905e0f04376d67aa57d7d2a2ddd45dbe9916a9,82571f2578791e22474ce429eb905e0f04376d67aa57d7d2a2ddd45dbe9916a9,TRUE,TRUE
MB100-016,Omaha,NE,place,AR-001,government,MEASURED — KNOWN,ocd-division/country:us/state:ne/place:omaha,place-3137000,New Plains state and exact municipal identity,TRUE,2026-08-06 20:10:22,TRUE,2026-08-06 20:11:22,1.0,TRUE,2026-08-06 20:12:05,TRUE,2026-08-06 20:12:24,0.3,MATCHED,SUCCESS,,TRUE,PASS,Complete — PASS. Start MB100-017 Wichita under the frozen Measured Batch 100 protocol.,jur-us-ne-omaha,,TRUE,92a2f7b70ad5d3f6fc00df6addd1ef9b9ddf75cdd5cc0ac96f645d7b17280aac,92a2f7b70ad5d3f6fc00df6addd1ef9b9ddf75cdd5cc0ac96f645d7b17280aac,TRUE,TRUE
MB100-017,Wichita,KS,place,AR-001,government,MEASURED — KNOWN,ocd-division/country:us/state:ks/place:wichita,place-2079000,Place/cousub duplicate geography; governing place must win,TRUE,2026-08-06 20:20:08,TRUE,2026-08-06 20:21:19,1.2,TRUE,2026-08-06 20:21:52,TRUE,2026-08-06 20:22:12,0.3,MATCHED,SUCCESS,,TRUE,PASS,Complete — PASS. Start MB100-018 Memphis under the frozen Measured Batch 100 protocol.,jur-us-ks-wichita,,TRUE,77e860dce0ed1ebe4b83e589e4b443090121ac0e560cee2364164bf25a40b1f5,77e860dce0ed1ebe4b83e589e4b443090121ac0e560cee2364164bf25a40b1f5,TRUE,TRUE
MB100-018,Memphis,TN,place,AR-001,government,MEASURED — KNOWN,ocd-division/country:us/state:tn/place:memphis,place-4748000,Same-name cross-state collision,TRUE,2026-08-06 20:31:01,TRUE,2026-08-06 20:32:24,1.4,TRUE,2026-08-06 20:32:44,TRUE,2026-08-06 20:33:05,0.4,MATCHED,SUCCESS,,TRUE,PASS,Complete — PASS. Start MB100-019 Raleigh under the frozen Measured Batch 100 protocol.,jur-us-tn-memphis,,TRUE,05936a7bf9d5edef703cfde73854874beb12dc898dd197504428874caa65e874,05936a7bf9d5edef703cfde73854874beb12dc898dd197504428874caa65e874,TRUE,TRUE
MB100-019,Raleigh,NC,place,AR-001,government,MEASURED — KNOWN,ocd-division/country:us/state:nc/place:raleigh,place-3755000,One governing place spanning Durham and Wake counties,TRUE,2026-08-06 20:59:30,TRUE,2026-08-06 21:00:45,1.2,TRUE,2026-08-06 21:02:03,TRUE,2026-08-06 21:02:46,0.7,MATCHED,SUCCESS,,TRUE,PASS,Complete — PASS. Start MB100-020 Atlanta under the frozen Measured Batch 100 protocol.,jur-us-nc-raleigh,,TRUE,31860b618da2f9b27ee0b01aeeae03f162b54c06b1e4bdaf57af8f2cec1b589c,31860b618da2f9b27ee0b01aeeae03f162b54c06b1e4bdaf57af8f2cec1b589c,TRUE,TRUE
MB100-020,Atlanta,GA,place,AR-001,government,MEASURED — KNOWN,ocd-division/country:us/state:ga/place:atlanta,place-1304000,One governing place spanning DeKalb and Fulton counties,TRUE,2026-08-06 21:15:26,TRUE,2026-08-06 21:16:24,1.0,TRUE,2026-08-06 21:16:53,TRUE,2026-08-06 21:17:08,0.3,MATCHED,SUCCESS,,TRUE,PASS,Complete — PASS. Start MB100-021 Salt Lake City under the frozen Measured Batch 100 protocol.,jur-us-ga-atlanta,,TRUE,0c565c329a4f2a1fe4da8f5ef73d1549bbd130599685e93eaab6fe36db4f80c9,0c565c329a4f2a1fe4da8f5ef73d1549bbd130599685e93eaab6fe36db4f80c9,TRUE,TRUE
MB100-021,Salt Lake City,UT,place,AR-001,government,MEASURED — KNOWN,ocd-division/country:us/state:ut/place:salt_lake_city,place-4967000,Official name includes City suffix,TRUE,2026-08-06 21:23:02,TRUE,2026-08-06 21:23:58,0.9,TRUE,2026-08-06 21:26:55,TRUE,2026-08-06 21:27:09,0.2,MATCHED,SUCCESS,,TRUE,PASS,Complete — PASS. Start MB100-022 King County under the frozen Measured Batch 100 protocol.,jur-us-ut-salt-lake-city,,TRUE,64a7d457e250084878d4c3ac290d1098e315594de8c2ea499ceaff3a9ca0e6fa,64a7d457e250084878d4c3ac290d1098e315594de8c2ea499ceaff3a9ca0e6fa,TRUE,TRUE
MB100-022,King County,WA,county,AR-002,government,MEASURED — KNOWN,ocd-division/country:us/state:wa/county:king,county-53033,Large county in the fixture state,TRUE,2026-08-06 21:36:32,TRUE,2026-08-06 21:37:39,1.1,TRUE,2026-08-06 21:38:16,TRUE,2026-08-06 21:38:29,0.2,MATCHED,SUCCESS,,TRUE,PASS,Complete — PASS. Start MB100-023 Cuyahoga County under the frozen Measured Batch 100 protocol.,jur-us-wa-king-county,,TRUE,81b11e66370129d37b35ae7d3162156a892243c95714bafd0ceb2f5e79bbfbe8,81b11e66370129d37b35ae7d3162156a892243c95714bafd0ceb2f5e79bbfbe8,TRUE,TRUE
MB100-023,Cuyahoga County,OH,county,AR-002,government,MEASURED — KNOWN,ocd-division/country:us/state:oh/county:cuyahoga,county-39035,Charter-county variation,TRUE,2026-08-06 22:04:32,TRUE,2026-08-06 22:05:45,1.2,TRUE,2026-08-06 22:05:52,TRUE,2026-08-06 22:06:36,0.7,MATCHED,SUCCESS,,TRUE,PASS,Complete — PASS. Start MB100-024 Miami-Dade County under the frozen Measured Batch 100 protocol.,jur-us-oh-cuyahoga-county,,TRUE,f659a07a3844813997ca652d8a6396d555cb05ba036a239f15ca6e11f4c91de1,f659a07a3844813997ca652d8a6396d555cb05ba036a239f15ca6e11f4c91de1,TRUE,TRUE
MB100-024,Miami-Dade County,FL,county,AR-002,government,MEASURED — KNOWN,ocd-division/country:us/state:fl/county:miami-dade,county-12086,Hyphenated canonical county identity,TRUE,2026-08-07 08:17:05,TRUE,2026-08-07 08:18:37,1.5,TRUE,2026-08-07 08:19:51,TRUE,2026-08-07 08:20:06,0.2,MATCHED,SUCCESS,,TRUE,PASS,Complete — PASS. Start MB100-025 Allegheny County under the frozen Measured Batch 100 protocol.,jur-us-fl-miami-dade-county,,TRUE,07bb6edec0e64f7dd953a54618a9934409b55165fa96d035c29df12cb40db38e,07bb6edec0e64f7dd953a54618a9934409b55165fa96d035c29df12cb40db38e,TRUE,TRUE
MB100-025,Allegheny County,PA,county,AR-002,government,MEASURED — KNOWN,ocd-division/country:us/state:pa/county:allegheny,county-42003,County executive/council variation,TRUE,2026-08-07 08:43:24,TRUE,2026-08-07 08:47:26,4.0,TRUE,2026-08-07 08:48:38,TRUE,2026-08-07 08:48:55,0.3,MATCHED,SUCCESS,,TRUE,PASS,Complete — PASS. Start MB100-026 Cook County under the frozen Measured Batch 100 protocol.,jur-us-pa-allegheny-county,,TRUE,f86cdcfa9da1c4db998957aa7fe830eaddf3ea4b0f44ceba1ad7869938ec07a5,f86cdcfa9da1c4db998957aa7fe830eaddf3ea4b0f44ceba1ad7869938ec07a5,TRUE,TRUE
MB100-026,Cook County,IL,county,AR-002,government,MEASURED — KNOWN,ocd-division/country:us/state:il/county:cook,county-17031,Large Midwestern county and deep nested geography,TRUE,2026-08-07 09:04:37,TRUE,2026-08-07 09:05:40,1.1,TRUE,2026-08-07 09:06:35,TRUE,2026-08-07 09:06:50,0.3,MATCHED,SUCCESS,,TRUE,PASS,Complete — PASS. Start MB100-027 Dallas County under the frozen Measured Batch 100 protocol.,jur-us-il-cook-county,,TRUE,f86264e29b2a99bb5fef8e944348a23cbc5ced49f0c18f3be23896fdc311371e,f86264e29b2a99bb5fef8e944348a23cbc5ced49f0c18f3be23896fdc311371e,TRUE,TRUE
MB100-027,Dallas County,TX,county,AR-002,government,MEASURED — KNOWN,ocd-division/country:us/state:tx/county:dallas,county-48113,Same-name cross-state county collision,TRUE,2026-08-07 14:14:10,TRUE,2026-08-07 14:15:06,0.9,TRUE,2026-08-07 14:15:20,TRUE,2026-08-07 14:16:04,0.7,MATCHED,SUCCESS,,TRUE,PASS,Complete — PASS. Start MB100-028 Fulton County under the frozen Measured Batch 100 protocol.,jur-us-tx-dallas-county,,TRUE,91cf5ce19072e4f8f9d0f5bd6fd3b3f11066af24f49f5c54eddfb88bf858dc1b,91cf5ce19072e4f8f9d0f5bd6fd3b3f11066af24f49f5c54eddfb88bf858dc1b,TRUE,TRUE
MB100-028,Fulton County,GA,county,AR-002,government,MEASURED — KNOWN,ocd-division/country:us/state:ga/county:fulton,county-13121,Same-name cross-state county collision,TRUE,2026-08-07 14:26:09,TRUE,2026-08-07 14:27:14,1.1,TRUE,2026-08-07 14:27:20,TRUE,2026-08-07 14:28:23,1.0,MATCHED,SUCCESS,,TRUE,PASS,Complete — PASS. Start MB100-029 Hennepin County under the frozen Measured Batch 100 protocol.,jur-us-ga-fulton-county,,TRUE,1913745b82ab24fe670029887943b85115693337b2c14d2d85a284d3345b1b03,1913745b82ab24fe670029887943b85115693337b2c14d2d85a284d3345b1b03,TRUE,TRUE
MB100-029,Hennepin County,MN,county,AR-002,government,MEASURED — KNOWN,ocd-division/country:us/state:mn/county:hennepin,county-27053,Large county linked to a prior municipal proof,TRUE,2026-08-07 14:46:22,TRUE,2026-08-07 14:47:25,1.1,TRUE,2026-08-07 14:48:16,TRUE,2026-08-07 14:48:34,0.3,MATCHED,SUCCESS,,TRUE,PASS,Complete — PASS. Start MB100-030 Denver Public Schools under the frozen Measured Batch 100 protocol.,jur-us-mn-hennepin-county,,TRUE,0fefd8f4c65838a38e6da6b95621159810c5017d7fcd86b3d4d6a36f24198fcb,0fefd8f4c65838a38e6da6b95621159810c5017d7fcd86b3d4d6a36f24198fcb,TRUE,TRUE
MB100-030,Denver Public Schools,CO,school district,AR-003,school_system,MEASURED — KNOWN,ocd-division/country:us/state:co/county:denver/school_district:denver_1,GEOID 0800245 / state ID 16010,Exact master name Denver 1 and human-facing naming variant,TRUE,2026-08-07 15:58:44,TRUE,2026-08-07 15:59:36,0.9,TRUE,2026-08-07 15:59:40,TRUE,2026-08-07 16:00:27,0.8,MATCHED,SUCCESS,,TRUE,PASS,Complete — PASS. Start MB100-031 Seattle Public Schools under the frozen Measured Batch 100 protocol.,jur-us-co-denver-public-schools,,TRUE,64ecaffa70ed98a009ddd8c3c95d6223784892ca32df3b8f490464d4e5c2232e,64ecaffa70ed98a009ddd8c3c95d6223784892ca32df3b8f490464d4e5c2232e,TRUE,TRUE
MB100-031,Seattle Public Schools,WA,school district,AR-003,school_system,MEASURED — KNOWN,ocd-division/country:us/state:wa/county:king/school_district:seattle_public_schools,GEOID 5307710 / state ID 17001,School system in the municipal fixture state,TRUE,2026-08-07 16:10:12,TRUE,2026-08-07 16:11:59,1.8,TRUE,2026-08-07 16:12:08,TRUE,2026-08-07 16:13:13,1.1,MATCHED,SUCCESS,,TRUE,PASS,Complete — PASS. Start MB100-032 Clark County School District under the frozen Measured Batch 100 protocol.,jur-us-wa-seattle-public-schools,,TRUE,8c22ec512af7f0d3521a5b84f84e2e1d25169c4ab604fde1c602dd21e396740f,8c22ec512af7f0d3521a5b84f84e2e1d25169c4ab604fde1c602dd21e396740f,TRUE,TRUE
MB100-032,Clark County School District,NV,school district,AR-003,school_system,MEASURED — KNOWN,ocd-division/country:us/state:nv/county:clark/school_district:clark_county_school_district,GEOID 3200060 / state ID 02,Large unified district and leading-zero state ID,TRUE,2026-08-07 16:31:08,TRUE,2026-08-07 16:32:15,1.1,TRUE,2026-08-07 16:32:20,TRUE,2026-08-07 16:33:21,1.0,MATCHED,SUCCESS,,TRUE,PASS,Complete — PASS. Start MB100-033 Albuquerque Public Schools under the frozen Measured Batch 100 protocol.,jur-us-nv-clark-county-school-district,,TRUE,76a23cfa4a194fc8b6ca64024c187d72bf9e2aa6cb3d22e776ea96010d775aef,76a23cfa4a194fc8b6ca64024c187d72bf9e2aa6cb3d22e776ea96010d775aef,TRUE,TRUE
MB100-033,Albuquerque Public Schools,NM,school district,AR-003,school_system,MEASURED — KNOWN,ocd-division/country:us/state:nm/county:bernalillo/school_district:albuquerque_public_schools,GEOID 3500060 / state ID 001,Leading-zero state ID and city/district pairing,TRUE,2026-08-07 17:16:07,TRUE,2026-08-07 17:17:13,1.1,TRUE,2026-08-07 17:18:29,TRUE,2026-08-07 17:18:48,0.3,MATCHED,SUCCESS,,TRUE,PASS,Complete — PASS. Start MB100-034 Boston Public Schools under the frozen Measured Batch 100 protocol.,jur-us-nm-albuquerque-public-schools,,TRUE,e4824b4747b271bda0205e55b6a8c58f04623e355d830330679f7516221cdef7,e4824b4747b271bda0205e55b6a8c58f04623e355d830330679f7516221cdef7,TRUE,TRUE
MB100-034,Boston Public Schools,MA,school district,AR-003,school_system,MEASURED — KNOWN,ocd-division/country:us/state:ma/county:suffolk/school_district:boston,GEOID 2502790 / state ID 0035,Short exact master label and leading-zero state ID,TRUE,2026-08-07 17:36:20,TRUE,2026-08-07 17:37:29,1.1,TRUE,2026-08-07 17:37:33,TRUE,2026-08-07 17:38:15,0.7,MATCHED,SUCCESS,,TRUE,PASS,Complete — PASS. Start MB100-035 Atlanta Public Schools under the frozen Measured Batch 100 protocol.,jur-us-ma-boston-public-schools,,TRUE,fb8090b6f11188bc1a3048b8f638ea771bd447d80b3a36e429311ddbdcaaff70,fb8090b6f11188bc1a3048b8f638ea771bd447d80b3a36e429311ddbdcaaff70,TRUE,TRUE
MB100-035,Atlanta Public Schools,GA,school district,AR-003,school_system,MEASURED — KNOWN,ocd-division/country:us/state:ga/county:fulton/school_district:atlanta_public_schools,GEOID 1300120 / state ID 761,District inside a two-county municipal context,TRUE,2026-08-07 18:05:46,TRUE,2026-08-07 18:06:52,1.1,TRUE,2026-08-07 18:07:34,TRUE,2026-08-07 18:07:59,0.4,MATCHED,SUCCESS,,TRUE,PASS,Complete — PASS. Start MB100-036 Houston Independent School District under the frozen Measured Batch 100 protocol.,jur-us-ga-atlanta-public-schools,,TRUE,a153c1bd624a674f111a462d44951193a372e87b12951fae148d81cd575c8532,a153c1bd624a674f111a462d44951193a372e87b12951fae148d81cd575c8532,TRUE,TRUE
MB100-036,Houston Independent School District,TX,school district,AR-003,school_system,MEASURED — KNOWN,ocd-division/country:us/state:tx/county:harris/school_district:houston_isd,GEOID 4823640 / state ID 101912,Large independent school district and ISD abbreviation,TRUE,2026-08-07 18:23:32,TRUE,2026-08-07 18:24:36,1.1,TRUE,2026-08-07 18:25:36,TRUE,2026-08-07 18:26:02,0.4,MATCHED,SUCCESS,,TRUE,PASS,Complete — PASS. Start MB100-037 Philadelphia City School District under the frozen Measured Batch 100 protocol.,jur-us-tx-houston-independent-school-district,,TRUE,4db91026c8b4db5cdbd6526116835d2aab1fb4aff61efd95c44fd10a68202185,4db91026c8b4db5cdbd6526116835d2aab1fb4aff61efd95c44fd10a68202185,TRUE,TRUE
MB100-037,Philadelphia City School District,PA,school district,AR-003,school_system,MEASURED — KNOWN,ocd-division/country:us/state:pa/county:philadelphia/school_district:philadelphia_city_sd,GEOID 4218990 / state ID 126515001,City school-district abbreviation and county-equivalent ancestor,TRUE,2026-08-07 19:38:51,TRUE,2026-08-07 19:40:10,1.3,TRUE,2026-08-07 19:41:30,TRUE,2026-08-07 19:42:15,0.8,MATCHED,SUCCESS,,TRUE,PASS,Complete — PASS. Start MB100-038 Bay Area Rapid Transit District under the frozen Measured Batch 100 protocol.,jur-us-pa-philadelphia-city-school-district,,TRUE,c5716f1e66614d09da90ba793acbfbcd934e3721a872e6ea8a2d8d3f464cce53,c5716f1e66614d09da90ba793acbfbcd934e3721a872e6ea8a2d8d3f464cce53,TRUE,TRUE
MB100-038,Bay Area Rapid Transit District,CA,transit authority,AR-004,transit_authority,MEASURED — KNOWN,lookup:Bay Area Rapid Transit District,PID6 100767 / GIDID 05400190500000,Validated Census-backed override; second timed transit pathway,TRUE,2026-08-07 20:01:11,TRUE,2026-08-07 20:02:10,1.0,TRUE,2026-08-07 20:03:42,TRUE,2026-08-07 20:03:58,0.3,MATCHED,SUCCESS,,TRUE,PASS,Complete — PASS. Start MB100-039 City and County of San Francisco under the frozen Measured Batch 100 protocol.,jur-us-ca-bay-area-rapid-transit-district,,TRUE,5a0bb84e08469f0eaf97c6d4b7b0dcd7a2675f47ac6f1cc3f1a53782974182ab,5a0bb84e08469f0eaf97c6d4b7b0dcd7a2675f47ac6f1cc3f1a53782974182ab,TRUE,TRUE
MB100-039,City and County of San Francisco,CA,coextensive place/county,AR-005,government,MEASURED — KNOWN,ocd-division/country:us/state:ca/place:san_francisco,place-0667000 / county-06075,Maintained coextensive alias and one-government deduplication,TRUE,2026-08-07 21:01:21,TRUE,2026-08-07 21:02:22,1.0,TRUE,2026-08-07 21:03:09,TRUE,2026-08-07 21:03:21,0.2,MATCHED,SUCCESS,,TRUE,PASS,Complete — PASS. Start MB100-040 City and County of Broomfield under the frozen Measured Batch 100 protocol.,jur-us-ca-san-francisco,,TRUE,ac7313adb1bc93b3b5485d42f10406464e2a41eadaae1f49632d50a8500c08e3,ac7313adb1bc93b3b5485d42f10406464e2a41eadaae1f49632d50a8500c08e3,TRUE,TRUE
MB100-040,City and County of Broomfield,CO,coextensive place/county,AR-005,government,MEASURED — KNOWN,ocd-division/country:us/state:co/place:broomfield,place-0809280 / county-08014,Second maintained coextensive alias,TRUE,2026-08-07 21:38:59,TRUE,2026-08-07 21:39:46,0.8,TRUE,2026-08-07 21:40:58,TRUE,2026-08-07 21:41:03,0.1,MATCHED,SUCCESS,,TRUE,PASS,Complete — PASS. Start MB100-041 Metropolitan Water Reclamation District under the frozen Measured Batch 100 protocol.,jur-us-co-broomfield,,TRUE,9d3634af68d7cac68ce14e42d8b193617270144ee2cbfe5278a5cf9987d1febf,9d3634af68d7cac68ce14e42d8b193617270144ee2cbfe5278a5cf9987d1febf,TRUE,TRUE
MB100-041,Metropolitan Water Reclamation District,IL,special-purpose district,AR-D01,special_purpose_district,MEASURED — KNOWN,ocd-division/country:us/state:il/sewer:mwrd,UPSTREAM OCD sewer:mwrd,Exact upstream special-district segment already proven,TRUE,2026-08-07 22:02:48,TRUE,2026-08-07 22:03:34,0.8,TRUE,2026-08-07 22:05:01,TRUE,2026-08-07 22:09:01,4.0,MATCHED,SUCCESS,,TRUE,PASS,Complete — PASS. Start MB100-042 Port of Seattle under the frozen Measured Batch 100 protocol.,jur-us-il-metropolitan-water-reclamation-district,,TRUE,3539d9f54b016a0864e035d53a79c053e825dac59b59169c572ddc82134a2615,3539d9f54b016a0864e035d53a79c053e825dac59b59169c572ddc82134a2615,TRUE,TRUE
MB100-042,Port of Seattle,WA,special-purpose district,AR-D01,special_purpose_district,MEASURED — KNOWN,lookup:Port of Seattle,PID6 158973 / GIDID 48401711400000,Validated Census-backed special-district override,TRUE,2026-08-08 00:07:03,TRUE,2026-08-08 00:29:04,22.0,TRUE,2026-08-08 00:29:04,TRUE,2026-08-08 00:35:04,6.0,MATCHED,SUCCESS,,TRUE,PASS,Complete — PASS. Start MB100-043 Metropolitan Government of Nashville and Davidson County under the frozen Measured Batch 100 protocol.,jur-us-wa-port-of-seattle,,TRUE,2d12ee7f63efbe223e3178fd4efbd9e9c94319ad003b0b0f5ad7c6fadeeab894,2d12ee7f63efbe223e3178fd4efbd9e9c94319ad003b0b0f5ad7c6fadeeab894,TRUE,TRUE
MB100-043,Metropolitan Government of Nashville and Davidson County,TN,consolidated metro government,AR-D02,government,MEASURED — KNOWN,ocd-division/country:us/state:tn/county:davidson,county-47037,Validated consolidated-government rule,TRUE,2026-08-08 00:38:20,TRUE,2026-08-08 01:06:46,28.4,TRUE,2026-08-08 01:06:53,TRUE,2026-08-08 01:06:59,0.1,MATCHED,SUCCESS,,TRUE,PASS,Complete — PASS. Start MB100-044 Orleans Parish under the frozen Measured Batch 100 protocol.,jur-us-tn-nashville-davidson,,TRUE,b38f326c6181f8ffc450bb897f761569befb79231b2236524dace83b24e2d48a,b38f326c6181f8ffc450bb897f761569befb79231b2236524dace83b24e2d48a,TRUE,TRUE
MB100-044,Orleans Parish,LA,county-equivalent,DISCOVERY — PARISH,government,MEASURED — DISCOVERY,ocd-division/country:us/state:la/parish:orleans,county-equivalent-22071,Carry the unresolved parish segment into the bounded discovery slice,TRUE,2026-08-08 01:13:21,TRUE,2026-08-08 01:50:18,36.9,TRUE,2026-08-08 01:50:24,TRUE,2026-08-08 01:50:29,0.1,MATCHED,SUCCESS,,TRUE,PASS,Complete — PASS. Start MB100-045 Regional Transit Authority under the frozen Measured Batch 100 protocol.,jur-us-la-orleans-parish,,TRUE,71e4eefe5c2b984807d8638b27fcf88b158fcda0d3cbd26b0532f07606550e0e,71e4eefe5c2b984807d8638b27fcf88b158fcda0d3cbd26b0532f07606550e0e,TRUE,TRUE
MB100-045,Regional Transit Authority,IL,transit authority,DISCOVERY — TRANSIT SEGMENT,transit_authority,MEASURED — DISCOVERY,ocd-division/country:us/state:il/transit:rta,UPSTREAM OCD transit:rta,Carry the remaining native transit-routing gap,TRUE,2026-08-08 10:03:20,TRUE,2026-08-08 11:34:29,91.2,TRUE,2026-08-08 11:34:35,TRUE,2026-08-08 11:34:50,0.2,MATCHED,SUCCESS,,TRUE,PASS,Complete — PASS. Start MB100-046 Castaic Lake Water Agency under the frozen Measured Batch 100 protocol.,jur-us-il-regional-transit-authority,,TRUE,543b12de37a1ecd3576796f159608de088c1683d804daa14149b3cda8f90fe40,543b12de37a1ecd3576796f159608de088c1683d804daa14149b3cda8f90fe40,TRUE,TRUE
MB100-046,Castaic Lake Water Agency,CA,special-purpose district,DISCOVERY — WATER SEGMENT,special_purpose_district,MEASURED — DISCOVERY,ocd-division/country:us/state:ca/county:los_angeles/water:castaic_lake_water_agency,UPSTREAM OCD water:castaic_lake_water_agency / successor SCV Water (2018),Legacy native water route requires successor-identity mapping,TRUE,2026-08-08 11:47:57,TRUE,2026-08-08 12:20:38,32.7,TRUE,2026-08-08 12:20:47,TRUE,2026-08-08 12:20:58,0.2,MATCHED,SUCCESS,,TRUE,PASS,Complete — PASS. Start MB100-047 Louisville–Jefferson County Metro Government under the frozen Measured Batch 100 protocol.,jur-us-ca-santa-clarita-valley-water-agency,,TRUE,086446392abb70ba7971811271557849f41858ffe058e4c08de311cedc111d5d,086446392abb70ba7971811271557849f41858ffe058e4c08de311cedc111d5d,TRUE,TRUE
MB100-047,Louisville–Jefferson County Metro Government,KY,consolidated metro government,DISCOVERY — CONSOLIDATED IDENTITY,government,MEASURED — DISCOVERY,ocd-division/country:us/state:ky/county:jefferson,county-21111 / place-2148006,Carry the remaining consolidated legal-identity gap,TRUE,2026-08-08 13:17:37,TRUE,2026-08-08 13:17:45,0.1,TRUE,2026-08-08 13:17:53,TRUE,2026-08-08 13:18:02,0.1,MATCHED,SUCCESS,,TRUE,PASS,Complete — PASS. Start MB100-048 Greenwich Town under the frozen Measured Batch 100 protocol.,jur-us-ky-louisville-jefferson,,TRUE,3ad840d42e0e056cc7d5f82cadbf39a0312bc4de73731ebc3dc3fd79a35f88a1,3ad840d42e0e056cc7d5f82cadbf39a0312bc4de73731ebc3dc3fd79a35f88a1,TRUE,TRUE
MB100-048,Greenwich Town,CT,county subdivision / town,DISCOVERY — COUSUB-AS-PLACE,government,MEASURED — DISCOVERY,ocd-division/country:us/state:ct/place:greenwich,cousub-0919033620 / statistical place-0933690,Active Connecticut town paired with a separate statistical Greenwich CDP,TRUE,2026-08-08 13:25:29,TRUE,2026-08-08 14:49:30,84.0,TRUE,2026-08-08 14:49:36,TRUE,2026-08-08 14:49:42,0.1,MATCHED,SUCCESS,,TRUE,PASS,Complete — PASS. Start MB100-049 Baltimore City under the frozen Measured Batch 100 protocol.,jur-us-ct-greenwich-town,,TRUE,3dacffedb8534dc6e94278a1d789174428d1959f3d99a551eda2d39bd50ed814,3dacffedb8534dc6e94278a1d789174428d1959f3d99a551eda2d39bd50ed814,TRUE,TRUE
MB100-049,Baltimore City,MD,independent city,DISCOVERY — INDEPENDENT CITY ALIAS,government,MEASURED — DISCOVERY,ocd-division/country:us/state:md/place:baltimore,place-2404000 / county-equivalent-24510,Independent-city reverse alias without conflating Baltimore County,TRUE,2026-08-08 18:13:49,TRUE,2026-08-08 20:02:15,108.4,TRUE,2026-08-08 20:02:54,TRUE,2026-08-08 20:03:13,0.3,MATCHED,SUCCESS,,TRUE,PASS,Complete — PASS. Start MB100-050 San Juan Municipio under the frozen Measured Batch 100 protocol.,jur-us-md-baltimore-city,,TRUE,802845c472e08994b3825432505c121475fcd562a73919e2f3454ed3bb7cf262,802845c472e08994b3825432505c121475fcd562a73919e2f3454ed3bb7cf262,TRUE,TRUE
MB100-050,San Juan Municipio,PR,territory municipio,DISCOVERY — TERRITORY MUNICIPIO,government,MEASURED — DISCOVERY,ocd-division/country:us/territory:pr/municipio:san_juan,county-equivalent-72127,Territory and municipio segments outside the state/county path,TRUE,2026-08-08 20:12:21,TRUE,2026-08-08 21:28:52,76.5,TRUE,2026-08-08 21:29:01,TRUE,2026-08-08 21:29:10,0.2,MATCHED,SUCCESS,,TRUE,PASS,Complete — PASS. Start MB100-051 Birmingham under the frozen Measured Batch 100 protocol.,jur-us-pr-san-juan-municipio,,TRUE,aa28152dc3c675726d77054d20c6bea3409d68b0f7528058768ddf1a60ad113b,aa28152dc3c675726d77054d20c6bea3409d68b0f7528058768ddf1a60ad113b,TRUE,TRUE
MB100-051,Birmingham,AL,place,AR-001,government,MEASURED — KNOWN,ocd-division/country:us/state:al/place:birmingham,place-0107000,Adds first MB100 municipal coverage for Alabama; multi-county place.,TRUE,2026-08-08 22:22:38,TRUE,2026-08-08 22:22:47,0.1,TRUE,2026-08-08 22:22:54,TRUE,2026-08-08 22:23:04,0.2,MATCHED,SUCCESS,,TRUE,PASS,Complete — PASS. Start MB100-052 Fairbanks under the frozen Measured Batch 100 protocol.,jur-us-al-birmingham,,TRUE,9d2b296b4b835b2731be9c518882849904f808ad8fe6fb9edb310665a94e743d,9d2b296b4b835b2731be9c518882849904f808ad8fe6fb9edb310665a94e743d,TRUE,TRUE
MB100-052,Fairbanks,AK,place,AR-001,government,MEASURED — KNOWN,ocd-division/country:us/state:ak/place:fairbanks,place-0224230,Adds first MB100 municipal coverage for Alaska.,TRUE,2026-08-07 22:12:07,TRUE,2026-08-07 22:12:36,0.5,TRUE,2026-08-07 22:12:37,TRUE,2026-08-07 22:12:47,0.2,MATCHED,SUCCESS,,TRUE,PASS,Complete — PASS. Start MB100-053 Little Rock under the frozen Measured Batch 100 protocol.,jur-us-ak-fairbanks,,TRUE,b19cfd34454f6ed447e0ead2c3ad223ef2cadcaecc6dc68b9b57bb38c41ad4f6,b19cfd34454f6ed447e0ead2c3ad223ef2cadcaecc6dc68b9b57bb38c41ad4f6,TRUE,TRUE
MB100-053,Little Rock,AR,place,AR-001,government,MEASURED — KNOWN,ocd-division/country:us/state:ar/place:little_rock,place-0541000,Adds first MB100 municipal coverage for Arkansas.,TRUE,2026-08-07 22:13:20,TRUE,2026-08-07 22:13:35,0.3,TRUE,2026-08-07 22:13:36,TRUE,2026-08-07 22:13:44,0.1,MATCHED,SUCCESS,,TRUE,PASS,Complete — PASS. Start MB100-054 Wilmington under the frozen Measured Batch 100 protocol.,jur-us-ar-little-rock,,TRUE,75d8f5f569befb53cc78d58c63305a7cdff525343ebccd4c05b182706ddab39d,75d8f5f569befb53cc78d58c63305a7cdff525343ebccd4c05b182706ddab39d,TRUE,TRUE
MB100-054,Wilmington,DE,place,AR-001,government,MEASURED — KNOWN,ocd-division/country:us/state:de/place:wilmington,place-1077580,Adds first MB100 municipal coverage for Delaware.,TRUE,2026-08-07 22:28:10,TRUE,2026-08-07 22:28:19,0.2,TRUE,2026-08-07 22:28:34,TRUE,2026-08-07 22:29:30,0.9,MATCHED,SUCCESS,,TRUE,PASS,Complete — PASS. Start MB100-055 Boise City under the frozen Measured Batch 100 protocol.,jur-us-de-wilmington,,TRUE,7ba7362410037d0add8a560e7fc653d0a679877620c6d215d4e3191a87face63,7ba7362410037d0add8a560e7fc653d0a679877620c6d215d4e3191a87face63,TRUE,TRUE
MB100-055,Boise City,ID,place,AR-001,government,MEASURED — KNOWN,ocd-division/country:us/state:id/place:boise_city,place-1608830,Tests the official Census name Boise City against the common government name Boise.,TRUE,2026-08-07 22:31:16,TRUE,2026-08-07 22:31:32,0.3,TRUE,2026-08-07 22:31:41,TRUE,2026-08-07 22:32:07,0.4,MATCHED,SUCCESS,,TRUE,PASS,Complete — PASS. Start MB100-056 Fort Wayne under the frozen Measured Batch 100 protocol.,jur-us-id-boise,,TRUE,8ea8b70c2f74544954e6c4aa1188753356668b89b346458e17a55e389673d0fc,8ea8b70c2f74544954e6c4aa1188753356668b89b346458e17a55e389673d0fc,TRUE,TRUE
MB100-056,Fort Wayne,IN,place,AR-001,government,MEASURED — KNOWN,ocd-division/country:us/state:in/place:fort_wayne,place-1825000,Adds first MB100 municipal coverage for Indiana.,TRUE,2026-08-07 22:33:45,TRUE,2026-08-07 22:34:01,0.3,TRUE,2026-08-07 22:34:17,TRUE,2026-08-07 22:34:46,0.5,MATCHED,SUCCESS,,TRUE,PASS,Complete — PASS. Start MB100-057 Des Moines under the frozen Measured Batch 100 protocol.,jur-us-in-fort-wayne,,TRUE,1654111df5758e43eafbe6c940773b12c373a2f40b5dd8f2ec925329bb44a2e5,1654111df5758e43eafbe6c940773b12c373a2f40b5dd8f2ec925329bb44a2e5,TRUE,TRUE
MB100-057,Des Moines,IA,place,AR-001,government,MEASURED — KNOWN,ocd-division/country:us/state:ia/place:des_moines,place-1921000,Adds first MB100 municipal coverage for Iowa; multi-county place.,TRUE,2026-08-07 22:45:47,TRUE,2026-08-07 22:46:46,1.0,TRUE,2026-08-07 22:46:46,TRUE,2026-08-07 22:47:25,0.7,MATCHED,SUCCESS,,TRUE,PASS,Complete — PASS. Start MB100-058 Portland under the frozen Measured Batch 100 protocol.,jur-us-ia-des-moines,,TRUE,b5b9592c7afebae8c65b0b6df52ec60dab7932871d0bfb9ff9c17792dafd6479,b5b9592c7afebae8c65b0b6df52ec60dab7932871d0bfb9ff9c17792dafd6479,TRUE,TRUE
MB100-058,Portland,ME,place,AR-001,government,MEASURED — KNOWN,ocd-division/country:us/state:me/place:portland,place-2360545,Adds first MB100 municipal coverage for Maine.,TRUE,2026-08-07 22:48:44,TRUE,2026-08-07 22:49:09,0.4,TRUE,2026-08-07 22:49:09,TRUE,2026-08-07 22:50:01,0.9,MATCHED,SUCCESS,,TRUE,PASS,Complete — PASS. Start MB100-059 Jackson under the frozen Measured Batch 100 protocol.,jur-us-me-portland,,TRUE,eed43b30083f398b7c02d03abf7365855be01bd0871e34fc4fc2ef83e9a05b7c,eed43b30083f398b7c02d03abf7365855be01bd0871e34fc4fc2ef83e9a05b7c,TRUE,TRUE
MB100-059,Jackson,MS,place,AR-001,government,MEASURED — KNOWN,ocd-division/country:us/state:ms/place:jackson,place-2836000,Adds first MB100 municipal coverage for Mississippi; multi-county place.,TRUE,2026-08-07 22:50:17,TRUE,2026-08-07 22:50:41,0.4,TRUE,2026-08-07 22:50:41,TRUE,2026-08-07 22:51:06,0.4,MATCHED,SUCCESS,,TRUE,PASS,Complete — PASS. Start MB100-060 Kansas City under the frozen Measured Batch 100 protocol.,jur-us-ms-jackson,,TRUE,7ce9ffb8672556877ddf480c5be3d12e80126134f0831c68da1409adbddbe950,7ce9ffb8672556877ddf480c5be3d12e80126134f0831c68da1409adbddbe950,TRUE,TRUE
MB100-060,Kansas City,MO,place,AR-001,government,MEASURED — KNOWN,ocd-division/country:us/state:mo/place:kansas_city,place-2938000,Adds first MB100 municipal coverage for Missouri; four-county place.,TRUE,2026-08-08 23:46:52,TRUE,2026-08-08 23:54:42,7.8,TRUE,2026-08-08 23:54:53,TRUE,2026-08-08 23:55:24,0.5,MATCHED,SUCCESS,,TRUE,PASS,Complete — PASS. Start MB100-061 Billings under the frozen Measured Batch 100 protocol.,jur-us-mo-kansas-city,,TRUE,d95df7325a0404a617370fe1d979b9c5af6b773e264279e61c17d23b374e38c3,d95df7325a0404a617370fe1d979b9c5af6b773e264279e61c17d23b374e38c3,TRUE,TRUE
MB100-061,Billings,MT,place,AR-001,government,MEASURED — KNOWN,ocd-division/country:us/state:mt/place:billings,place-3006550,Adds first MB100 municipal coverage for Montana.,TRUE,2026-08-08 23:58:02,TRUE,2026-08-09 00:02:32,4.5,TRUE,2026-08-09 00:02:41,TRUE,2026-08-09 00:05:27,2.8,MATCHED,SUCCESS,,TRUE,PASS,Complete — PASS. Start MB100-062 Manchester under the frozen Measured Batch 100 protocol.,jur-us-mt-billings,,TRUE,1170ccbfafa91a2c42e5ae56c67878c72ae7aed544a98ab35874f1a1ef9c475e,1170ccbfafa91a2c42e5ae56c67878c72ae7aed544a98ab35874f1a1ef9c475e,TRUE,TRUE
MB100-062,Manchester,NH,place,AR-001,government,MEASURED — KNOWN,ocd-division/country:us/state:nh/place:manchester,place-3345140,Adds first MB100 municipal coverage for New Hampshire.,TRUE,2026-08-09 00:07:59,TRUE,2026-08-09 00:12:20,4.3,TRUE,2026-08-09 00:12:29,TRUE,2026-08-09 00:17:38,5.2,MATCHED,SUCCESS,,TRUE,PASS,Complete — PASS. Start MB100-063 Newark under the frozen Measured Batch 100 protocol.,jur-us-nh-manchester,,TRUE,b3769fa17ab2d1589b02db00814b6a5544ff5f501af399df4a6e915b629a7a33,b3769fa17ab2d1589b02db00814b6a5544ff5f501af399df4a6e915b629a7a33,TRUE,TRUE
MB100-063,Newark,NJ,place,AR-001,government,MEASURED — KNOWN,ocd-division/country:us/state:nj/place:newark,place-3451000,Adds first MB100 municipal coverage for New Jersey.,TRUE,2026-08-09 08:49:43,TRUE,2026-08-09 08:49:46,0.1,TRUE,2026-08-09 08:49:50,TRUE,2026-08-09 08:49:53,0.1,MATCHED,SUCCESS,,TRUE,PASS,Complete — PASS. Start MB100-064 Buffalo under the frozen Measured Batch 100 protocol.,jur-us-nj-newark,,TRUE,70e73b1342e886fe5a78bd3d90e2737e99d7de8b47ea325c240324a51c781909,70e73b1342e886fe5a78bd3d90e2737e99d7de8b47ea325c240324a51c781909,TRUE,TRUE
MB100-064,Buffalo,NY,place,AR-001,government,MEASURED — KNOWN,ocd-division/country:us/state:ny/place:buffalo,place-3611000,Adds first MB100 municipal coverage for New York without New York City complexity.,TRUE,2026-08-09 07:17:54,TRUE,2026-08-09 07:24:50,6.9,TRUE,2026-08-09 07:25:02,TRUE,2026-08-09 07:25:14,0.2,MATCHED,SUCCESS,,TRUE,PASS,Complete — PASS. Start MB100-065 Fargo under the frozen Measured Batch 100 protocol.,jur-us-ny-buffalo,,TRUE,294fa0185b9e9cab2c4bd6d648b0dbbf85a6fd9a54ddf52f116d390bb23bfb29,294fa0185b9e9cab2c4bd6d648b0dbbf85a6fd9a54ddf52f116d390bb23bfb29,TRUE,TRUE
MB100-065,Fargo,ND,place,AR-001,government,MEASURED — KNOWN,ocd-division/country:us/state:nd/place:fargo,place-3825700,Adds first MB100 municipal coverage for North Dakota.,TRUE,2026-08-09 07:33:09,TRUE,2026-08-09 07:45:37,12.5,TRUE,2026-08-09 07:45:46,TRUE,2026-08-09 07:47:25,1.6,MATCHED,SUCCESS,,TRUE,PASS,Complete — PASS. Start MB100-066 Oklahoma City under the frozen Measured Batch 100 protocol.,jur-us-nd-fargo,,TRUE,158f062793a806e273e24ca1f69906f5693bf29103ddec5ff9a1b6b128480ab3,158f062793a806e273e24ca1f69906f5693bf29103ddec5ff9a1b6b128480ab3,TRUE,TRUE
MB100-066,Oklahoma City,OK,place,AR-001,government,MEASURED — KNOWN,ocd-division/country:us/state:ok/place:oklahoma_city,place-4055000,Adds first MB100 municipal coverage for Oklahoma; four-county place.,TRUE,2026-08-09 07:50:55,TRUE,2026-08-09 08:00:05,9.2,TRUE,2026-08-09 08:00:14,TRUE,2026-08-09 08:02:06,1.9,MATCHED,SUCCESS,,TRUE,PASS,Complete — PASS. Start MB100-067 Portland under the frozen Measured Batch 100 protocol.,jur-us-ok-oklahoma-city,,TRUE,ff0c02ad065e58d05032b83e3c499b503683e967fa334dfa5032011a0adbbd8c,ff0c02ad065e58d05032b83e3c499b503683e967fa334dfa5032011a0adbbd8c,TRUE,TRUE
MB100-067,Portland,OR,place,AR-001,government,MEASURED — KNOWN,ocd-division/country:us/state:or/place:portland,place-4159000,Adds first MB100 municipal coverage for Oregon; three-county place.,TRUE,2026-08-09 09:15:54,TRUE,2026-08-09 09:17:11,1.3,TRUE,2026-08-09 09:17:22,TRUE,2026-08-09 09:17:38,0.3,MATCHED,SUCCESS,,TRUE,PASS,Complete — PASS. Start MB100-068 Providence under the frozen Measured Batch 100 protocol.,jur-us-or-portland,,TRUE,46c439f569d6bd1cd6d4b524ab7848962dcab9d6ecc543de58f2ee2279fabb02,46c439f569d6bd1cd6d4b524ab7848962dcab9d6ecc543de58f2ee2279fabb02,TRUE,TRUE
MB100-068,Providence,RI,place,AR-001,government,MEASURED — KNOWN,ocd-division/country:us/state:ri/place:providence,place-4459000,Adds first MB100 municipal coverage for Rhode Island.,TRUE,2026-08-09 09:35:24,TRUE,2026-08-09 09:35:54,0.5,TRUE,2026-08-09 09:36:04,TRUE,2026-08-09 09:36:21,0.3,MATCHED,SUCCESS,,TRUE,PASS,Complete — PASS. Start MB100-069 Charleston under the frozen Measured Batch 100 protocol.,jur-us-ri-providence,,TRUE,8ccbb1ca01433ce26f16dde85da1faa0e6c9e21c788867c9d2815f947c72279a,8ccbb1ca01433ce26f16dde85da1faa0e6c9e21c788867c9d2815f947c72279a,TRUE,TRUE
MB100-069,Charleston,SC,place,AR-001,government,MEASURED — KNOWN,ocd-division/country:us/state:sc/place:charleston,place-4513330,Adds first MB100 municipal coverage for South Carolina; multi-county place.,TRUE,2026-08-09 09:46:53,TRUE,2026-08-09 10:00:04,13.2,TRUE,2026-08-09 10:00:32,TRUE,2026-08-09 10:00:50,0.3,MATCHED,SUCCESS,,TRUE,PASS,Complete — PASS. Start MB100-070 Sioux Falls under the frozen Measured Batch 100 protocol.,jur-us-sc-charleston,,TRUE,e2fb90c1f6f9f278e434bcdabe163ba68b7b07f7d301b5899c4378522492ced0,e2fb90c1f6f9f278e434bcdabe163ba68b7b07f7d301b5899c4378522492ced0,TRUE,TRUE
MB100-070,Sioux Falls,SD,place,AR-001,government,MEASURED — KNOWN,ocd-division/country:us/state:sd/place:sioux_falls,place-4659020,Adds first MB100 municipal coverage for South Dakota; multi-county place.,TRUE,2026-08-09 10:05:04,TRUE,2026-08-09 10:05:44,0.7,TRUE,2026-08-09 10:18:28,TRUE,2026-08-09 10:18:32,0.1,MATCHED,SUCCESS,,TRUE,PASS,Complete — PASS. Start MB100-071 Burlington under the frozen Measured Batch 100 protocol.,jur-us-sd-sioux-falls,,TRUE,59085b359e156bd045dbb0b6843c4e003ee7480aeb04dde939e6ba4bc1487001,59085b359e156bd045dbb0b6843c4e003ee7480aeb04dde939e6ba4bc1487001,TRUE,TRUE
MB100-071,Burlington,VT,place,AR-001,government,MEASURED — KNOWN,ocd-division/country:us/state:vt/place:burlington,place-5010675,Adds first MB100 municipal coverage for Vermont.,TRUE,2026-08-09 10:24:36,TRUE,2026-08-09 10:25:20,0.7,TRUE,2026-08-09 10:36:30,TRUE,2026-08-09 10:36:34,0.1,MATCHED,SUCCESS,,TRUE,PASS,Complete — PASS. Start MB100-072 Richmond under the frozen Measured Batch 100 protocol.,jur-us-vt-burlington,,TRUE,5878e15f195c5d92d8efd0f2e20a63eeaf9bdd5d14dd562b38e1207992fec01c,5878e15f195c5d92d8efd0f2e20a63eeaf9bdd5d14dd562b38e1207992fec01c,TRUE,TRUE
MB100-072,Richmond,VA,independent city,AR-001,government,MEASURED — KNOWN,ocd-division/country:us/state:va/place:richmond,place-5167000 / county-equivalent-51760,Retests the independent-city alias rule generalized from Baltimore.,TRUE,2026-08-09 10:51:22,TRUE,2026-08-09 11:14:07,22.7,TRUE,2026-08-09 11:21:31,TRUE,2026-08-09 11:26:33,5.0,MATCHED,SUCCESS,,TRUE,PASS,Complete — PASS. Start MB100-073 Charleston under the frozen Measured Batch 100 protocol.,jur-us-va-richmond,,TRUE,0e0e6f9c3385450865e95ca4d2688f1bcc3eec923627849652e481e9413600d1,0e0e6f9c3385450865e95ca4d2688f1bcc3eec923627849652e481e9413600d1,TRUE,TRUE
MB100-073,Charleston,WV,place,AR-001,government,MEASURED — KNOWN,ocd-division/country:us/state:wv/place:charleston,place-5414600,Adds first MB100 municipal coverage for West Virginia.,TRUE,2026-08-09 14:36:14,TRUE,2026-08-09 14:38:02,1.8,TRUE,2026-08-09 14:41:41,TRUE,2026-08-09 14:44:38,2.9,MATCHED,SUCCESS,,TRUE,PASS,Complete — PASS. Start MB100-074 Cheyenne under the frozen Measured Batch 100 protocol.,jur-us-wv-charleston,,TRUE,a73e8c5cc8a48cc527df8629bdf6e8c6a05c1ef924a809f40179942da2b3ff06,a73e8c5cc8a48cc527df8629bdf6e8c6a05c1ef924a809f40179942da2b3ff06,TRUE,TRUE
MB100-074,Cheyenne,WY,place,AR-001,government,MEASURED — KNOWN,ocd-division/country:us/state:wy/place:cheyenne,place-5613900,Adds first MB100 municipal coverage for Wyoming.,TRUE,2026-08-09 15:51:35,TRUE,2026-08-09 15:52:30,0.9,TRUE,2026-08-09 15:55:13,TRUE,2026-08-09 15:58:21,3.1,MATCHED,SUCCESS,,TRUE,PASS,"Complete — PASS. Start MB100-075 Washington, District of Columbia under the frozen Measured Batch 100 protocol.",jur-us-wy-cheyenne,,TRUE,504229bc6d21cd25c08ef2d27ce3f81834d736e1b31f46e00306870fb5d2df3e,504229bc6d21cd25c08ef2d27ce3f81834d736e1b31f46e00306870fb5d2df3e,TRUE,TRUE
MB100-075,"Washington, District of Columbia",DC,federal district / coextensive city,DISCOVERY — FEDERAL DISTRICT IDENTITY,government,MEASURED — DISCOVERY,ocd-division/country:us/district:dc,place-1150000 / county-equivalent-11001,Tests federal-district and coextensive-city identity outside the state path.,TRUE,2026-08-09 19:23:51,TRUE,2026-08-09 19:55:55,32.1,TRUE,2026-08-09 20:06:17,TRUE,2026-08-09 20:10:46,4.5,MATCHED,SUCCESS,,TRUE,PASS,Complete — PASS. Start MB100-076 Las Vegas under the frozen Measured Batch 100 protocol.,jur-us-dc-district-of-columbia,,TRUE,8bfdf58a08366f5cc631df24279978cfc7ef937e16013992794c7593a97a43c9,8bfdf58a08366f5cc631df24279978cfc7ef937e16013992794c7593a97a43c9,TRUE,TRUE
MB100-076,Las Vegas,NV,place,AR-001,government,MEASURED — KNOWN,ocd-division/country:us/state:nv/place:las_vegas,place-3240000,Adds a municipal counterpart to the Nevada school-district sample.,TRUE,2026-08-10 10:43:04,TRUE,2026-08-10 10:46:11,3.1,TRUE,2026-08-10 10:46:12,TRUE,2026-08-10 10:58:44,12.5,MATCHED,SUCCESS,,TRUE,PASS,Complete — PASS. Start MB100-077 Sacramento under the frozen Measured Batch 100 protocol.,jur-us-nv-las-vegas,,TRUE,87d12cb6084a21fd9386fd6b10a0325fe456ee426acbcd550076a0bf335e4f6b,87d12cb6084a21fd9386fd6b10a0325fe456ee426acbcd550076a0bf335e4f6b,TRUE,TRUE
MB100-077,Sacramento,CA,place,AR-001,government,MEASURED — KNOWN,ocd-division/country:us/state:ca/place:sacramento,place-0664000,Extends California coverage with an ordinary incorporated place.,TRUE,2026-08-11 20:15:04,TRUE,2026-08-11 20:17:03,2.0,TRUE,2026-08-11 20:21:05,TRUE,2026-08-11 20:30:38,9.6,MATCHED,SUCCESS,,TRUE,PASS,Complete — PASS. Start MB100-078 El Paso under the frozen Measured Batch 100 protocol.,jur-us-ca-sacramento,,TRUE,03e7c0898e6f9511993f374665e9b62d6d8f8acb8277bd7be4938cd042143e3e,03e7c0898e6f9511993f374665e9b62d6d8f8acb8277bd7be4938cd042143e3e,TRUE,TRUE
MB100-078,El Paso,TX,place,AR-001,government,MEASURED — KNOWN,ocd-division/country:us/state:tx/place:el_paso,place-4824000,Adds a second Texas municipal scale sample.,TRUE,2026-08-11 20:38:53,TRUE,2026-08-11 20:43:23,4.5,TRUE,2026-08-11 21:02:03,TRUE,2026-08-11 21:23:42,21.7,MATCHED,SUCCESS,,TRUE,PASS,Complete — PASS. Start MB100-079 Pittsburgh under the frozen Measured Batch 100 protocol.,jur-us-tx-el-paso,,TRUE,f22b43037460c2b96c2d8e6a82c10f212e62b1cdcdca63225f5ff50a416be3e4,f22b43037460c2b96c2d8e6a82c10f212e62b1cdcdca63225f5ff50a416be3e4,TRUE,FALSE
MB100-079,Pittsburgh,PA,place,AR-001,government,MEASURED — KNOWN,ocd-division/country:us/state:pa/place:pittsburgh,place-4261000,Adds a Pennsylvania municipal counterpart to Allegheny County.,TRUE,2026-08-11 20:40:25,TRUE,2026-08-11 20:43:24,3.0,TRUE,2026-08-11 20:50:41,TRUE,2026-08-11 20:56:35,5.9,MATCHED,SUCCESS,,TRUE,PASS,Complete — PASS. Start MB100-080 Toledo under the frozen Measured Batch 100 protocol.,jur-us-pa-pittsburgh,,TRUE,82d04f70b5d3ba47f4e385ccc06caff9af442502db4faf67f8e054b9c512fb5e,82d04f70b5d3ba47f4e385ccc06caff9af442502db4faf67f8e054b9c512fb5e,TRUE,FALSE
MB100-080,Toledo,OH,place,AR-001,government,MEASURED — KNOWN,ocd-division/country:us/state:oh/place:toledo,place-3977000,Adds a second Ohio municipal scale sample.,TRUE,2026-08-11 22:49:48,TRUE,2026-08-11 22:49:48,0.0,TRUE,2026-08-11 22:49:48,TRUE,2026-08-11 22:49:48,0.0,MATCHED,SUCCESS,,TRUE,PASS,Complete — PASS. Start MB100-081 Minneapolis under the frozen Measured Batch 100 protocol.,jur-us-oh-toledo,,TRUE,514ba8e666c998a008a9a6c6149c79ef356b29b32ca9ec2ccdb04c7422a764a0,514ba8e666c998a008a9a6c6149c79ef356b29b32ca9ec2ccdb04c7422a764a0,TRUE,FALSE
MB100-081,Minneapolis,MN,place,AR-001,government,MEASURED — KNOWN,ocd-division/country:us/state:mn/place:minneapolis,place-2743000,Adds a Minnesota municipal counterpart to Hennepin County.,TRUE,2026-08-11 21:10:19,TRUE,2026-08-11 21:12:19,2.0,TRUE,2026-08-11 21:17:33,TRUE,2026-08-11 21:22:26,4.9,MATCHED,SUCCESS,,TRUE,PASS,Complete — PASS. Start MB100-082 Appleton under the frozen Measured Batch 100 protocol.,jur-us-mn-minneapolis,,TRUE,1683ba1a8fe5eb7847e19d288ed84154aa233efe7037336b5e0e788c4f954fb8,1683ba1a8fe5eb7847e19d288ed84154aa233efe7037336b5e0e788c4f954fb8,TRUE,FALSE
MB100-082,Appleton,WI,place,AR-001,government,MEASURED — KNOWN,ocd-division/country:us/state:wi/place:appleton,place-5502375,Tests an ordinary Wisconsin place spanning three counties.,TRUE,2026-08-11 22:22:00,TRUE,2026-08-11 22:25:46,3.8,TRUE,2026-08-11 22:25:54,TRUE,2026-08-11 22:56:06,30.2,MATCHED,SUCCESS,,TRUE,PASS,Complete — PASS. Start MB100-083 Lincoln under the frozen Measured Batch 100 protocol.,jur-us-wi-appleton,,TRUE,70744bfc1d5420c570b9d70415192c3681728dd7f0bb0ae6e63451026e928b1f,70744bfc1d5420c570b9d70415192c3681728dd7f0bb0ae6e63451026e928b1f,TRUE,FALSE
MB100-083,Lincoln,NE,place,AR-001,government,MEASURED — KNOWN,ocd-division/country:us/state:ne/place:lincoln,place-3128000,Adds a second Nebraska municipal scale sample.,TRUE,2026-08-11 21:30:06,TRUE,2026-08-11 21:32:53,2.8,TRUE,2026-08-11 21:37:17,TRUE,2026-08-11 21:42:34,5.3,MATCHED,SUCCESS,,TRUE,PASS,Complete — PASS. Start MB100-084 Topeka under the frozen Measured Batch 100 protocol.,jur-us-ne-lincoln,,TRUE,639290455c14c451d7fbaeca8432c67be45c27aedb40520f55d22306f3d71aa2,639290455c14c451d7fbaeca8432c67be45c27aedb40520f55d22306f3d71aa2,TRUE,TRUE
MB100-084,Topeka,KS,place,AR-001,government,MEASURED — KNOWN,ocd-division/country:us/state:ks/place:topeka,place-2071000,Adds a second Kansas municipal scale sample.,TRUE,2026-08-11 23:30:03,TRUE,2026-08-11 23:32:50,2.8,TRUE,2026-08-11 23:32:50,TRUE,2026-08-11 23:49:17,16.5,MATCHED,SUCCESS,,TRUE,PASS,Complete — PASS. Start MB100-085 Knoxville under the frozen Measured Batch 100 protocol.,jur-us-ks-topeka,,TRUE,6fad8428600fcfb14b93214ba72ba111f99739d8deb1e327f76bc566568421ad,6fad8428600fcfb14b93214ba72ba111f99739d8deb1e327f76bc566568421ad,TRUE,FALSE
MB100-085,Knoxville,TN,place,AR-001,government,MEASURED — KNOWN,ocd-division/country:us/state:tn/place:knoxville,place-4740000,Adds an ordinary Tennessee place beside the Nashville metro edge case.,TRUE,2026-08-11 21:55:48,TRUE,2026-08-11 21:56:40,0.9,TRUE,2026-08-11 22:01:54,TRUE,2026-08-11 22:13:00,11.1,MATCHED,SUCCESS,,TRUE,PASS,Complete — PASS. Start MB100-086 Savannah under the frozen Measured Batch 100 protocol.,jur-us-tn-knoxville,,TRUE,2a49342b6ab76a42558d44ae42b77d438f9d109db97c858ef28ae006daf9a9f1,2a49342b6ab76a42558d44ae42b77d438f9d109db97c858ef28ae006daf9a9f1,TRUE,TRUE
MB100-086,Savannah,GA,place,AR-001,government,MEASURED — KNOWN,ocd-division/country:us/state:ga/place:savannah,place-1369000,Adds a second Georgia municipal scale sample.,TRUE,2026-08-12 00:00:32,TRUE,2026-08-12 00:02:40,2.1,TRUE,2026-08-12 00:04:56,TRUE,2026-08-12 00:23:03,18.1,MATCHED,SUCCESS,,TRUE,PASS,Complete — PASS. Start MB100-087 Provo under the frozen Measured Batch 100 protocol.,jur-us-ga-savannah,,TRUE,f929ffb20ca7edb63187ea3668a8a9d19acfac882b7ecc28ffcf414e39c24a89,f929ffb20ca7edb63187ea3668a8a9d19acfac882b7ecc28ffcf414e39c24a89,TRUE,FALSE
MB100-087,Provo,UT,place,AR-001,government,MEASURED — KNOWN,ocd-division/country:us/state:ut/place:provo,place-4962470,Adds a second Utah municipal scale sample.,TRUE,2026-08-11 22:28:37,TRUE,2026-08-11 22:29:10,0.5,TRUE,2026-08-11 22:35:45,TRUE,2026-08-11 22:45:54,10.2,MATCHED,SUCCESS,,TRUE,PASS,Complete — PASS. Start MB100-088 Miami under the frozen Measured Batch 100 protocol.,jur-us-ut-provo,,TRUE,e5d183ec983ccfc5957b977a76d9beabd8d9ce7c5fd0a5ba439287bb8cf1972c,e5d183ec983ccfc5957b977a76d9beabd8d9ce7c5fd0a5ba439287bb8cf1972c,TRUE,FALSE
MB100-088,Miami,FL,place,AR-001,government,MEASURED — KNOWN,ocd-division/country:us/state:fl/place:miami,place-1245000,Adds a Florida municipal counterpart to Miami-Dade County.,TRUE,2026-08-12 00:34:10,TRUE,2026-08-12 00:36:52,2.7,TRUE,2026-08-12 00:38:16,TRUE,2026-08-12 00:59:43,21.5,MATCHED,SUCCESS,,TRUE,PASS,Complete — PASS. Start MB100-089 Springfield under the frozen Measured Batch 100 protocol.,jur-us-fl-miami,,TRUE,e0856bb663dcdbc5eff384349d1c68c7bfefa99cda01dd31c599ba072f352b04,e0856bb663dcdbc5eff384349d1c68c7bfefa99cda01dd31c599ba072f352b04,TRUE,FALSE
MB100-089,Springfield,IL,place,AR-001,government,MEASURED — KNOWN,ocd-division/country:us/state:il/place:springfield,place-1772000,Extends Illinois coverage with an ordinary incorporated place.,TRUE,2026-08-11 22:53:21,TRUE,2026-08-11 22:55:28,2.1,TRUE,2026-08-11 22:58:11,TRUE,2026-08-11 23:17:21,19.2,MATCHED,SUCCESS,,TRUE,PASS,Complete — PASS. Start MB100-090 Jefferson County under the frozen Measured Batch 100 protocol.,jur-us-il-springfield,,TRUE,526932d63280e01989d4ca34141f1491cbce35c9b4d48251f205769435a025a2,526932d63280e01989d4ca34141f1491cbce35c9b4d48251f205769435a025a2,TRUE,FALSE
MB100-090,Jefferson County,AL,county,AR-002,government,MEASURED — KNOWN,ocd-division/country:us/state:al/county:jefferson,county-01073,Adds AR-002 county coverage in Alabama.,TRUE,2026-08-12 07:10:48,TRUE,2026-08-12 07:11:37,0.8,TRUE,2026-08-12 07:12:39,TRUE,2026-08-12 07:32:36,20.0,MATCHED,SUCCESS,,TRUE,PASS,Complete — PASS. Start MB100-091 Hawaii County under the frozen Measured Batch 100 protocol.,jur-us-al-jefferson-county,,TRUE,cb4a43b15c39740e76690d739480fd71d3d27802d917f5898badf0a833649dad,cb4a43b15c39740e76690d739480fd71d3d27802d917f5898badf0a833649dad,TRUE,FALSE
MB100-091,Hawaii County,HI,county,AR-002,government,MEASURED — KNOWN,ocd-division/country:us/state:hi/county:hawaii,county-15001,"Adds first MB100 coverage for Hawaii, where county government is the relevant local layer.",TRUE,2026-08-11 23:36:10,TRUE,2026-08-11 23:37:15,1.1,TRUE,2026-08-11 23:37:16,TRUE,2026-08-11 23:48:04,10.8,MATCHED,SUCCESS,,TRUE,PASS,Complete — PASS. Start MB100-092 Ada County under the frozen Measured Batch 100 protocol.,jur-us-hi-hawaii-county,,TRUE,cfb6c5921b1f9ac504bdd93fe3b1dfaf11bedce8d9d3741534e9fe17824f4322,cfb6c5921b1f9ac504bdd93fe3b1dfaf11bedce8d9d3741534e9fe17824f4322,TRUE,FALSE
MB100-092,Ada County,ID,county,AR-002,government,MEASURED — KNOWN,ocd-division/country:us/state:id/county:ada,county-16001,Adds AR-002 county coverage in Idaho.,TRUE,2026-08-12 08:55:35,TRUE,2026-08-12 08:56:10,0.6,TRUE,2026-08-12 09:02:50,TRUE,2026-08-12 09:27:56,25.1,MATCHED,SUCCESS,,TRUE,PASS,Complete — PASS. Start MB100-093 Marion County under the frozen Measured Batch 100 protocol.,jur-us-id-ada-county,,TRUE,829b2468f3eabc85c48a5e8395ecc15c426835094e345964c4de3ce3411e8096,829b2468f3eabc85c48a5e8395ecc15c426835094e345964c4de3ce3411e8096,TRUE,TRUE
MB100-093,Marion County,IN,county,AR-002,government,MEASURED — KNOWN,ocd-division/country:us/state:in/county:marion,county-18097,Tests a county participating in Indianapolis consolidated-government geography.,TRUE,2026-08-12 00:07:23,TRUE,2026-08-12 00:30:00,22.6,TRUE,2026-08-12 00:30:00,TRUE,2026-08-12 00:31:26,1.4,MATCHED,SUCCESS,,TRUE,PASS,Complete — PASS. Start MB100-094 Polk County under the frozen Measured Batch 100 protocol.,jur-us-in-marion-county,,TRUE,e72f9530c740dbb322308e71e21c6114835da21b244279d419f121495568c72a,e72f9530c740dbb322308e71e21c6114835da21b244279d419f121495568c72a,TRUE,FALSE
MB100-094,Polk County,IA,county,AR-002,government,MEASURED — KNOWN,ocd-division/country:us/state:ia/county:polk,county-19153,Adds AR-002 county coverage in Iowa.,TRUE,2026-08-12 13:22:05,TRUE,2026-08-12 13:23:01,0.9,TRUE,2026-08-12 13:26:38,TRUE,2026-08-12 13:45:43,19.1,MATCHED,SUCCESS,,TRUE,PASS,Complete — PASS. Start MB100-095 Cumberland County under the frozen Measured Batch 100 protocol.,jur-us-ia-polk-county,,TRUE,31985c3f92d143ec821c71b6b5321b6b5ad91a77dad2187dd5e5f8afaee0b3e0,31985c3f92d143ec821c71b6b5321b6b5ad91a77dad2187dd5e5f8afaee0b3e0,TRUE,FALSE
MB100-095,Cumberland County,ME,county,AR-002,government,MEASURED — KNOWN,ocd-division/country:us/state:me/county:cumberland,county-23005,Adds AR-002 county coverage in Maine.,TRUE,2026-08-12 00:38:20,TRUE,2026-08-12 01:10:20,32.0,TRUE,2026-08-12 01:10:20,TRUE,2026-08-12 01:11:49,1.5,MATCHED,SUCCESS,,TRUE,PASS,Complete — PASS. Start MB100-096 Jackson County under the frozen Measured Batch 100 protocol.,jur-us-me-cumberland-county,,TRUE,ec592e1d62f4f14d3075614368fa6f5f0777c1fd564ee3c885c99946e97056db,ec592e1d62f4f14d3075614368fa6f5f0777c1fd564ee3c885c99946e97056db,TRUE,FALSE
MB100-096,Jackson County,MO,county,AR-002,government,MEASURED — KNOWN,ocd-division/country:us/state:mo/county:jackson,county-29095,Pairs Kansas City with one of its principal counties.,TRUE,2026-08-12 14:43:39,TRUE,2026-08-12 14:48:26,4.8,TRUE,2026-08-12 15:13:04,TRUE,2026-08-12 15:15:01,2.0,MATCHED,SUCCESS,,TRUE,PASS,Complete — PASS. Start MB100-097 Yellowstone County under the frozen Measured Batch 100 protocol.,jur-us-mo-jackson-county,,TRUE,cf7e6ee03cfc923aaed012a6f8b437bff9aae5b496f8daaac7d27f148ec48f02,cf7e6ee03cfc923aaed012a6f8b437bff9aae5b496f8daaac7d27f148ec48f02,TRUE,TRUE
MB100-097,Yellowstone County,MT,county,AR-002,government,MEASURED — KNOWN,ocd-division/country:us/state:mt/county:yellowstone,county-30111,Adds AR-002 county coverage in Montana.,TRUE,2026-08-12 07:06:30,TRUE,2026-08-12 07:26:25,19.9,TRUE,2026-08-12 07:26:25,TRUE,2026-08-12 07:28:17,1.9,MATCHED,SUCCESS,,TRUE,PASS,Complete — PASS. Start MB100-098 Hillsborough County under the frozen Measured Batch 100 protocol.,jur-us-mt-yellowstone-county,,TRUE,b837e834cdd567fed9a0a91f35a1108804c909a476d77cb7bef7171a5158bb15,b837e834cdd567fed9a0a91f35a1108804c909a476d77cb7bef7171a5158bb15,TRUE,FALSE
MB100-098,Hillsborough County,NH,county,AR-002,government,MEASURED — KNOWN,ocd-division/country:us/state:nh/county:hillsborough,county-33011,Adds AR-002 county coverage in New Hampshire.,TRUE,2026-08-12 15:31:56,TRUE,2026-08-12 15:38:25,6.5,TRUE,2026-08-12 15:53:39,TRUE,2026-08-12 15:55:12,1.6,MATCHED,SUCCESS,,TRUE,PASS,Complete — PASS. Start MB100-099 Essex County under the frozen Measured Batch 100 protocol.,jur-us-nh-hillsborough-county,,TRUE,39a4bc255a18770f04b623983733f6d43928dbfb016831c3d54bc37d88f83dc8,39a4bc255a18770f04b623983733f6d43928dbfb016831c3d54bc37d88f83dc8,TRUE,TRUE
MB100-099,Essex County,NJ,county,AR-002,government,MEASURED — KNOWN,ocd-division/country:us/state:nj/county:essex,county-34013,Pairs Newark with its county and extends New Jersey coverage.,TRUE,2026-08-12 13:21:28,TRUE,2026-08-12 13:37:43,16.3,TRUE,2026-08-12 13:54:59,TRUE,2026-08-12 13:56:35,1.6,MATCHED,SUCCESS,,TRUE,PASS,Complete — PASS. Start MB100-100 Multnomah County under the frozen Measured Batch 100 protocol.,jur-us-nj-essex-county,,TRUE,4de211a256d0818d0435dfe857a6a5b48b51bab254da0ccb5d04db8953db6455,4de211a256d0818d0435dfe857a6a5b48b51bab254da0ccb5d04db8953db6455,TRUE,FALSE
MB100-100,Multnomah County,OR,county,AR-002,government,MEASURED — KNOWN,ocd-division/country:us/state:or/county:multnomah,county-41051,Pairs Portland with its principal county and extends Oregon coverage.,TRUE,2026-08-12 19:42:06,TRUE,2026-08-12 19:49:37,7.5,TRUE,2026-08-12 20:07:46,TRUE,2026-08-12 20:08:47,1.0,MATCHED,SUCCESS,,TRUE,PASS,Complete — PASS. Batch complete.,jur-us-or-multnomah-county,,TRUE,3360855bb78889145eea8a8c4545d088c89124ee31711541d75683d7feab3e76,3360855bb78889145eea8a8c4545d088c89124ee31711541d75683d7feab3e76,TRUE,TRUE
